"","setname","pval","est","exp","FDR"
"1","GOBP_SUPRAMOLECULAR_FIBER_ORGANIZATION",2.15885368178452e-09,0.237453493740331,"Up",4.49127919958452e-05
"2","GOMF_PROTEIN_CONTAINING_COMPLEX_BINDING",1.20583337988338e-07,0.332139122745119,"Up",0.00125430788175469
"3","GOMF_CYTOSKELETAL_PROTEIN_BINDING",2.36614620154726e-07,0.287687119193667,"Up",0.00164084351923297
