"","setname","pval","est","exp","FDR"
"1","HALLMARK_EPITHELIAL_MESENCHYMAL_TRANSITION",1.07500818160077e-08,0.25139526591382,"Up",1.07500818160077e-06
"2","HALLMARK_EPITHELIAL_MESENCHYMAL_TRANSITION",6.55530956439801e-08,23.6501044955224,"Down",3.277654782199e-06
"3","HALLMARK_MYOGENESIS",4.09216641446642e-05,0.253106874801147,"Up",0.00136405547148881
