"","setname","pval","est","exp","FDR"
"1","KEGG_STARCH_AND_SUCROSE_METABOLISM",2.12809347339266e-05,0,"Down",0.00791650772102069
"2","KEGG_NITROGEN_METABOLISM",9.98083691764602e-05,0,"Down",0.0103101604492664
"3","KEGG_RETINOL_METABOLISM",0.000112172189712893,0.0898542671760436,"Down",0.0103101604492664
